sessionId,vis,reported,truth,error
wm248qtwibun8ow7z9o,Pie,70,72.65140333,1.473217162
wm248qtwibun8ow7z9o,Pie,60,38.68976489,4.421912336
wm248qtwibun8ow7z9o,Bar,40,37.82343897,1.202612699
wm248qtwibun8ow7z9o,Pie,80,91.3396151,3.519116015
wm248qtwibun8ow7z9o,Bar,90,86.4496255,1.87789126
wm248qtwibun8ow7z9o,Bar,30,35.62342761,2.523167385
wm248qtwibun8ow7z9o,Bar,20,72.32865658,5.712971442
wm248qtwibun8ow7z9o,Pie,50,43.68834212,2.686311788
wm248qtwibun8ow7z9o,Pie,50,49.00009873,0.1697983895
wm248qtwibun8ow7z9o,Bubble,90,79.46641515,3.413943998
wm248qtwibun8ow7z9o,Bubble,100,98.99139246,0.1809212625
wm248qtwibun8ow7z9o,Bubble,100,98.92809126,0.2593131586
wm248qtwibun8ow7z9o,Bar,30,35.22508379,2.419561486
wm248qtwibun8ow7z9o,Pie,25,28.56640565,1.884170283
wm248qtwibun8ow7z9o,Bar,90,96.01492639,2.618221359
wm248qtwibun8ow7z9o,Pie,50,50.2644453,0
wm248qtwibun8ow7z9o,Pie,30,33.97417004,2.035331835
wm248qtwibun8ow7z9o,Bubble,60,38.60517327,4.427594557
wm248qtwibun8ow7z9o,Bubble,85,62.44488311,4.503356171
wm248qtwibun8ow7z9o,Bubble,70,27.82202828,5.402687109
wm248qtwibun8ow7z9o,Bubble,100,92.85511451,2.86193264
wm248qtwibun8ow7z9o,Pie,100,87.37957585,3.67190748
wm248qtwibun8ow7z9o,Bar,60,56.0332762,2.032708763
wm248qtwibun8ow7z9o,Bubble,100,83.63872237,4.04319379
wm248qtwibun8ow7z9o,Pie,20,22.28405374,1.26846658
wm248qtwibun8ow7z9o,Bubble,90,55.79136865,5.101550549
wm248qtwibun8ow7z9o,Bar,33,35.593011,1.442551295
wm248qtwibun8ow7z9o,Bubble,60,20.20985946,5.318864186
wm248qtwibun8ow7z9o,Bubble,80,78.3156211,0.8554945493
wm248qtwibun8ow7z9o,Bubble,50,33.90950796,4.019300896
wm248qtwibun8ow7z9o,Pie,50,67.11051457,4.107312466
wm248qtwibun8ow7z9o,Bubble,100,82.62924471,4.128933042
wm248qtwibun8ow7z9o,Bar,25,21.9220288,1.679410827
wm248qtwibun8ow7z9o,Bar,70,78.28260211,3.071694396
wm248qtwibun8ow7z9o,Bar,30,34.24202322,2.126650203
wm248qtwibun8ow7z9o,Bar,80,79.85640342,0
wm248qtwibun8ow7z9o,Bubble,100,86.12066668,3.8078014
wm248qtwibun8ow7z9o,Bubble,90,85.75334624,2.128179142
wm248qtwibun8ow7z9o,Pie,30,37.113132,2.855617417
wm248qtwibun8ow7z9o,Bubble,90,77.48228486,3.660234424
wm248qtwibun8ow7z9o,Bar,50,48.56051628,0.6456866443
wm248qtwibun8ow7z9o,Bar,25,25.84186846,0
wm248qtwibun8ow7z9o,Pie,80,63.98744737,4.012349895
wm248qtwibun8ow7z9o,Pie,50,54.76477832,2.289769061
wm248qtwibun8ow7z9o,Pie,85,78.71135498,2.681144505
wm248qtwibun8ow7z9o,Bar,80,78.58826183,0.6198713809
wm248qtwibun8ow7z9o,Bar,95,99.49922526,2.209211679
wm248qtwibun8ow7z9o,Pie,90,86.03337114,2.03267529
wm248qtwibun8ow7z9o,Bubble,100,88.9989985,3.475863301
wm248qtwibun8ow7z9o,Bubble,90,60.21999366,4.902315118
wm248qtwibun8ow7z9o,Bubble,82,53.0213843,4.863126493
wm248qtwibun8ow7z9o,Bar,80,79.72397346,0
wm248qtwibun8ow7z9o,Pie,40,36.81038758,1.728840185
wm248qtwibun8ow7z9o,Bar,70,79.06878797,3.200659395
wm248qtwibun8ow7z9o,Bubble,90,88.81885543,0.385314586
wm248qtwibun8ow7z9o,Bar,45,42.82120359,1.204013232
wm248qtwibun8ow7z9o,Pie,80,75.85512599,2.094193502
wm248qtwibun8ow7z9o,Pie,25,32.04034229,2.841035624
wm248qtwibun8ow7z9o,Bar,90,85.39954167,2.240454266
tewj5w0fkvrpoi64rys0c,Bar,60,56.73849683,1.759796347
tewj5w0fkvrpoi64rys0c,Bubble,90,82.324998,2.963474494
tewj5w0fkvrpoi64rys0c,Bubble,50,23.09989637,4.756228245
tewj5w0fkvrpoi64rys0c,Bubble,80,65.3889264,3.881280267
tewj5w0fkvrpoi64rys0c,Bubble,50,30.33655158,4.306586592
tewj5w0fkvrpoi64rys0c,Bar,40,37.84702553,1.187751581
tewj5w0fkvrpoi64rys0c,Bar,60,58.0694833,1.03950109
tewj5w0fkvrpoi64rys0c,Pie,28,36.82405996,3.161736144
tewj5w0fkvrpoi64rys0c,Bubble,80,46.81855547,5.057729449
tewj5w0fkvrpoi64rys0c,Bar,75,73.3465956,0.8305834205
tewj5w0fkvrpoi64rys0c,Pie,25,37.49443485,3.657575397
tewj5w0fkvrpoi64rys0c,Bubble,80,54.77949807,4.663657829
tewj5w0fkvrpoi64rys0c,Bar,40,35.89913821,2.079245585
tewj5w0fkvrpoi64rys0c,Bubble,95,93.92656734,0.2611488515
tewj5w0fkvrpoi64rys0c,Pie,90,62.49026225,4.788411016
tewj5w0fkvrpoi64rys0c,Bubble,80,65.68034787,3.852463555
tewj5w0fkvrpoi64rys0c,Bar,80,77.44974655,1.419675578
tewj5w0fkvrpoi64rys0c,Bubble,95,83.9479522,3.482467273
tewj5w0fkvrpoi64rys0c,Pie,95,89.87818174,2.39144282
tewj5w0fkvrpoi64rys0c,Bar,80,69.22564704,3.446170586
tewj5w0fkvrpoi64rys0c,Bubble,95,97.31750712,1.288362766
tewj5w0fkvrpoi64rys0c,Pie,45,52.14863161,2.862675858
tewj5w0fkvrpoi64rys0c,Pie,50,45.49541271,2.210883589
tewj5w0fkvrpoi64rys0c,Pie,30,48.06700624,4.185232749
tewj5w0fkvrpoi64rys0c,Bar,80,69.68735288,3.383724627
tewj5w0fkvrpoi64rys0c,Pie,20,20.8439514,0
tewj5w0fkvrpoi64rys0c,Bubble,50,34.37718175,3.977080062
tewj5w0fkvrpoi64rys0c,Bubble,60,42.43578612,4.14479803
tewj5w0fkvrpoi64rys0c,Bubble,80,63.4847464,4.056605515
tewj5w0fkvrpoi64rys0c,Bar,95,84.60988208,3.394393124
tewj5w0fkvrpoi64rys0c,Pie,90,87.65966802,1.301781934
tewj5w0fkvrpoi64rys0c,Pie,95,75.68636115,4.280855296
tewj5w0fkvrpoi64rys0c,Pie,50,56.13137892,2.645327894
tewj5w0fkvrpoi64rys0c,Pie,50,51.13934156,0.3383862562
tewj5w0fkvrpoi64rys0c,Bar,65,63.84019719,0.361546955
tewj5w0fkvrpoi64rys0c,Bubble,80,57.66333092,4.48939323
tewj5w0fkvrpoi64rys0c,Pie,20,25.965117,2.606469944
tewj5w0fkvrpoi64rys0c,Bar,60,57.74059822,1.253627357
tewj5w0fkvrpoi64rys0c,Pie,75,59.86766637,3.931430954
tewj5w0fkvrpoi64rys0c,Bubble,50,23.63544684,4.727351603
tewj5w0fkvrpoi64rys0c,Bar,70,70.11777822,0
tewj5w0fkvrpoi64rys0c,Pie,50,58.01916657,3.025767068
tewj5w0fkvrpoi64rys0c,Bar,90,91.17547359,0.3790370982
tewj5w0fkvrpoi64rys0c,Pie,33,31.3467366,0.8304690384
tewj5w0fkvrpoi64rys0c,Bar,60,63.40090915,1.8179953
tewj5w0fkvrpoi64rys0c,Bar,60,58.28386819,0.8805929134
tewj5w0fkvrpoi64rys0c,Bar,98,98.54469956,0
tewj5w0fkvrpoi64rys0c,Pie,95,86.57987552,3.095101508
tewj5w0fkvrpoi64rys0c,Pie,33,42.22191615,3.224490452
tewj5w0fkvrpoi64rys0c,Bubble,80,59.87248074,4.340029474
tewj5w0fkvrpoi64rys0c,Bar,90,82.51144896,2.928569498
tewj5w0fkvrpoi64rys0c,Bar,45,45.19396892,0
tewj5w0fkvrpoi64rys0c,Pie,80,74.60960188,2.463465028
tewj5w0fkvrpoi64rys0c,Bubble,85,69.14697344,3.998017327
tewj5w0fkvrpoi64rys0c,Bubble,50,36.12567294,3.807285574
tewj5w0fkvrpoi64rys0c,Bar,55,52.33525739,1.48013202
tewj5w0fkvrpoi64rys0c,Pie,33,38.72834133,2.549260409
tewj5w0fkvrpoi64rys0c,Bubble,90,75.28060457,3.891846433
tewj5w0fkvrpoi64rys0c,Bubble,80,74.47322135,2.498704963
oe78pfv48p0k0q955s2nm,Bubble,80,73.68127531,2.687894855
oe78pfv48p0k0q955s2nm,Bar,100,99.14112848,0
oe78pfv48p0k0q955s2nm,Bubble,75,70.81491247,2.107717169
oe78pfv48p0k0q955s2nm,Bubble,50,56.08104908,2.633675106
oe78pfv48p0k0q955s2nm,Bar,50,48.05404364,1.050297154
oe78pfv48p0k0q955s2nm,Bubble,50,54.37061443,2.168518308
oe78pfv48p0k0q955s2nm,Bubble,50,43.57586352,2.711304697
oe78pfv48p0k0q955s2nm,Bar,50,46.48489885,1.86397854
oe78pfv48p0k0q955s2nm,Bubble,90,67.66417268,4.489339164
oe78pfv48p0k0q955s2nm,Pie,33,27.69568102,2.440771246
oe78pfv48p0k0q955s2nm,Bar,75,88.03267966,3.717833188
oe78pfv48p0k0q955s2nm,Bar,30,33.66609645,1.922615162
oe78pfv48p0k0q955s2nm,Bar,75,84.31808334,3.239258003
oe78pfv48p0k0q955s2nm,Bubble,50,36.90812551,3.724309146
oe78pfv48p0k0q955s2nm,Pie,25,34.71054067,3.298004361
oe78pfv48p0k0q955s2nm,Bubble,85,82.51015972,1.386722827
oe78pfv48p0k0q955s2nm,Bar,75,77.72347877,1.510191656
oe78pfv48p0k0q955s2nm,Pie,40,48.81113028,3.159650218
oe78pfv48p0k0q955s2nm,Bar,85,92.51180918,2.932969976
oe78pfv48p0k0q955s2nm,Bubble,25,22.54688972,1.366313975
oe78pfv48p0k0q955s2nm,Pie,75,72.86683646,1.175149975
oe78pfv48p0k0q955s2nm,Bubble,100,94.95422505,2.370380514
oe78pfv48p0k0q955s2nm,Pie,35,25.53950027,3.260853647
oe78pfv48p0k0q955s2nm,Bar,40,36.09258407,2.011644455
oe78pfv48p0k0q955s2nm,Bubble,33,31.69168826,0.5193524278
oe78pfv48p0k0q955s2nm,Bubble,50,56.41098762,2.70840525
oe78pfv48p0k0q955s2nm,Pie,25,26.53411652,0.7304152129
oe78pfv48p0k0q955s2nm,Bar,75,76.16914519,0.3719994873
oe78pfv48p0k0q955s2nm,Bar,90,91.02850526,0.2060245876
oe78pfv48p0k0q955s2nm,Bubble,80,72.10647521,3.003336841
oe78pfv48p0k0q955s2nm,Bubble,15,24.89509483,3.324824257
oe78pfv48p0k0q955s2nm,Pie,50,48.28480859,0.8798558413
oe78pfv48p0k0q955s2nm,Pie,45,41.56654364,1.831251544
oe78pfv48p0k0q955s2nm,Pie,85,77.45769819,2.938718971
oe78pfv48p0k0q955s2nm,Bubble,100,98.96471131,0.2144838053
oe78pfv48p0k0q955s2nm,Pie,25,24.46558572,0
oe78pfv48p0k0q955s2nm,Bar,45,42.96498904,1.111038631
oe78pfv48p0k0q955s2nm,Pie,50,43.71741531,2.679780641
oe78pfv48p0k0q955s2nm,Pie,75,62.94146867,3.606860446
oe78pfv48p0k0q955s2nm,Bar,40,44.17879635,2.105609814
oe78pfv48p0k0q955s2nm,Bar,75,73.33302444,0.8415509599
oe78pfv48p0k0q955s2nm,Pie,55,46.92084032,3.036355571
oe78pfv48p0k0q955s2nm,Pie,60,62.54541635,1.417064691
oe78pfv48p0k0q955s2nm,Pie,50,62.56761498,3.665917424
oe78pfv48p0k0q955s2nm,Bar,25,22.1268965,1.58405019
oe78pfv48p0k0q955s2nm,Bar,35,33.83621837,0.3660078302
oe78pfv48p0k0q955s2nm,Pie,25,27.50955065,1.397556915
oe78pfv48p0k0q955s2nm,Bar,40,40.02748213,0
oe78pfv48p0k0q955s2nm,Bubble,40,35.11756658,2.324071333
oe78pfv48p0k0q955s2nm,Bar,45,43.7395829,0.4703203835
oe78pfv48p0k0q955s2nm,Pie,40,47.05350983,2.84368439
oe78pfv48p0k0q955s2nm,Bar,80,80.45352887,0
oe78pfv48p0k0q955s2nm,Bubble,95,86.51762369,3.105573543
oe78pfv48p0k0q955s2nm,Pie,50,48.64384401,0.5667235854
oe78pfv48p0k0q955s2nm,Bubble,50,53.7308573,1.947051659
oe78pfv48p0k0q955s2nm,Pie,90,71.21377628,4.241170816
oe78pfv48p0k0q955s2nm,Bar,40,33.90838752,2.636128649
oe78pfv48p0k0q955s2nm,Bubble,95,81.29992689,3.789215205
oe78pfv48p0k0q955s2nm,Pie,30,40.06563288,3.349171747
oe78pfv48p0k0q955s2nm,Bubble,75,63.3645529,3.555871003
mawwdee0qdkf33haft4jr6,Pie,95,63.89297564,4.964954178
mawwdee0qdkf33haft4jr7,Bar,95,79.96257031,3.922429051
mawwdee0qdkf33haft4jr8,Bar,95,76.87100475,4.190140356
mawwdee0qdkf33haft4jr9,Bubble,100,97.84887441,1.186580161
mawwdee0qdkf33haft4jr10,Bar,80,51.79328498,4.824346031
mawwdee0qdkf33haft4jr11,Bubble,25,20.91269693,2.07460924
mawwdee0qdkf33haft4jr12,Pie,90,59.43061324,4.939902942
mawwdee0qdkf33haft4jr13,Pie,25,31.24781446,2.671930658
mawwdee0qdkf33haft4jr14,Pie,75,45.22713675,4.901970476
mawwdee0qdkf33haft4jr15,Pie,50,53.00678912,1.646987072
mawwdee0qdkf33haft4jr16,Pie,90,69.18973284,4.387863423
mawwdee0qdkf33haft4jr17,Bubble,75,23.34224612,5.694399787
mawwdee0qdkf33haft4jr18,Bubble,80,65.38891724,3.881281164
mawwdee0qdkf33haft4jr19,Pie,10,30.22359417,4.346857221
mawwdee0qdkf33haft4jr20,Bubble,95,55.75848274,5.298897178
mawwdee0qdkf33haft4jr21,Bar,25,32.39296254,2.910341726
mawwdee0qdkf33haft4jr22,Pie,90,74.05832732,4.00599928
mawwdee0qdkf33haft4jr23,Pie,25,35.36414109,3.390824641
mawwdee0qdkf33haft4jr24,Bubble,100,97.13557035,1.579870259
mawwdee0qdkf33haft4jr25,Bar,25,22.12294708,1.585949408
mawwdee0qdkf33haft4jr26,Bubble,95,78.04166431,4.094517797
mawwdee0qdkf33haft4jr27,Pie,90,90.22268502,0
mawwdee0qdkf33haft4jr28,Bar,75,28.24999902,5.550746815
mawwdee0qdkf33haft4jr29,Pie,80,53.04133539,4.759351054
mawwdee0qdkf33haft4jr30,Pie,100,95.58868207,2.181521756
mawwdee0qdkf33haft4jr31,Bar,75,37.36161298,5.238916262
mawwdee0qdkf33haft4jr32,Bubble,100,78.95593565,4.4038856
mawwdee0qdkf33haft4jr33,Bar,50,31.81477038,4.194577978
mawwdee0qdkf33haft4jr34,Bar,95,90.98629535,2.049179298
mawwdee0qdkf33haft4jr35,Bubble,80,43.34929839,5.20068096
mawwdee0qdkf33haft4jr36,Bar,35,34.32687411,0
mawwdee0qdkf33haft4jr37,Bar,95,80.73721556,3.846772545
mawwdee0qdkf33haft4jr38,Pie,10,25.41081074,3.957525626
mawwdee0qdkf33haft4jr39,Bubble,95,84.71234385,3.380266225
mawwdee0qdkf33haft4jr40,Bubble,25,22.41708135,1.4371844
mawwdee0qdkf33haft4jr41,Bubble,25,29.30043473,2.145819185
mawwdee0qdkf33haft4jr42,Bubble,90,67.53774222,4.497437225
mawwdee0qdkf33haft4jr43,Bar,90,79.15328257,3.455717467
mawwdee0qdkf33haft4jr44,Pie,80,58.16609658,4.456734106
mawwdee0qdkf33haft4jr45,Bar,75,56.39772103,4.227069389
mawwdee0qdkf33haft4jr46,Bubble,100,78.32269854,4.446408529
mawwdee0qdkf33haft4jr47,Pie,33,36.30857034,1.779709521
mawwdee0qdkf33haft4jr48,Bar,100,91.39597288,3.125820869
mawwdee0qdkf33haft4jr49,Bubble,100,96.49822306,1.858688018
mawwdee0qdkf33haft4jr50,Pie,95,69.93658365,4.654688514
mawwdee0qdkf33haft4jr51,Bar,80,76.15572605,1.988875138
mawwdee0qdkf33haft4jr52,Bubble,5,62.25450752,5.84246368
mawwdee0qdkf33haft4jr53,Bar,25,39.35977019,3.85646489
mawwdee0qdkf33haft4jr54,Bar,95,95.81073693,0
mawwdee0qdkf33haft4jr55,Pie,100,83.2776725,4.074447849
mawwdee0qdkf33haft4jr56,Pie,100,92.38186139,2.952918468
mawwdee0qdkf33haft4jr57,Bubble,75,50.51095077,4.621410108
mawwdee0qdkf33haft4jr58,Bar,25,32.08061312,2.849121193
mawwdee0qdkf33haft4jr59,Bubble,25,31.21574296,2.664651895
mawwdee0qdkf33haft4jr60,Bar,90,75.16136465,3.903388809
mawwdee0qdkf33haft4jr61,Pie,80,70.58008664,3.254732103
mawwdee0qdkf33haft4jr62,Bubble,95,75.5099184,4.293891432
mawwdee0qdkf33haft4jr63,Bar,75,62.22282001,3.689542943
mawwdee0qdkf33haft4jr64,Pie,25,48.21247507,4.544576576
mawwdee0qdkf33haft4jr65,Bubble,75,51.43083393,4.56645998
jxu6zypaqp04nxqzp1w12v,Bubble,90,96.952159,2.823170331
jxu6zypaqp04nxqzp1w12v,Bubble,80,71.34915057,3.133538773
jxu6zypaqp04nxqzp1w12v,Bubble,25,26.91918475,1.031525593
jxu6zypaqp04nxqzp1w12v,Bar,90,93.48948701,1.853790905
jxu6zypaqp04nxqzp1w12v,Bar,90,87.46827439,1.409649231
jxu6zypaqp04nxqzp1w12v,Bar,50,53.44727779,1.836844271
jxu6zypaqp04nxqzp1w12v,Pie,84,99.38572118,3.955193862
jxu6zypaqp04nxqzp1w12v,Bubble,80,57.82688274,4.478849996
jxu6zypaqp04nxqzp1w12v,Bar,40,35.87393294,2.087825017
jxu6zypaqp04nxqzp1w12v,Pie,33,39.89400614,2.811266765
jxu6zypaqp04nxqzp1w12v,Pie,30,53.93802866,4.588746331
jxu6zypaqp04nxqzp1w12v,Bubble,80,67.83058667,3.619930988
jxu6zypaqp04nxqzp1w12v,Pie,55,74.41617552,4.288445352
jxu6zypaqp04nxqzp1w12v,Bar,84,73.50221822,3.409089708
jxu6zypaqp04nxqzp1w12v,Bubble,60,68.87311628,3.16962301
jxu6zypaqp04nxqzp1w12v,Bubble,80,51.63846514,4.832208236
jxu6zypaqp04nxqzp1w12v,Bubble,80,79.41387135,0
jxu6zypaqp04nxqzp1w12v,Bubble,35,31.03706305,2.031372946
jxu6zypaqp04nxqzp1w12v,Bar,99,98.5507219,0
jxu6zypaqp04nxqzp1w12v,Pie,99,77.03003215,4.465645927
jxu6zypaqp04nxqzp1w12v,Bar,90,92.13251961,1.174738517
jxu6zypaqp04nxqzp1w12v,Bar,51,51.61857955,0
jxu6zypaqp04nxqzp1w12v,Bubble,30,33.55940544,1.881431826
jxu6zypaqp04nxqzp1w12v,Pie,90,96.7007043,2.770977916
jxu6zypaqp04nxqzp1w12v,Pie,30,49.57220048,4.299918692
jxu6zypaqp04nxqzp1w12v,Bar,55,39.9676755,3.921943213
jxu6zypaqp04nxqzp1w12v,Bar,35,32.57328926,1.351464795
jxu6zypaqp04nxqzp1w12v,Bubble,80,75.50623634,2.207506725
jxu6zypaqp04nxqzp1w12v,Bar,50,46.5050411,1.855973318
jxu6zypaqp04nxqzp1w12v,Bubble,30,27.87463412,1.170159583
jxu6zypaqp04nxqzp1w12v,Pie,20,32.8339121,3.695872704
jxu6zypaqp04nxqzp1w12v,Pie,60,65.85260057,2.579566499
jxu6zypaqp04nxqzp1w12v,Bar,50,42.7563958,2.881391362
jxu6zypaqp04nxqzp1w12v,Pie,15,38.02757886,4.533100993
jxu6zypaqp04nxqzp1w12v,Pie,35,55.71847409,4.381523854
jxu6zypaqp04nxqzp1w12v,Bar,97,90.42922995,2.743249982
jxu6zypaqp04nxqzp1w12v,Bubble,90,74.19784823,3.993416389
jxu6zypaqp04nxqzp1w12v,Pie,50,72.42808309,4.495252764
jxu6zypaqp04nxqzp1w12v,Pie,87,81.45185385,2.50414903
jxu6zypaqp04nxqzp1w12v,Bubble,98,84.68214779,3.748767367
jxu6zypaqp04nxqzp1w12v,Pie,15,29.3287938,3.853376313
jxu6zypaqp04nxqzp1w12v,Bar,99,99.47916659,0
jxu6zypaqp04nxqzp1w12v,Bar,99,96.07574185,1.608458294
jxu6zypaqp04nxqzp1w12v,Pie,35,72.20933253,5.222431033
jxu6zypaqp04nxqzp1w12v,Pie,15,18.09388149,1.686559462
jxu6zypaqp04nxqzp1w12v,Bar,99,99.81331725,0
jxu6zypaqp04nxqzp1w12v,Bar,25,36.61061617,3.552821686
jxu6zypaqp04nxqzp1w12v,Pie,20,35.17826176,3.935767279
jxu6zypaqp04nxqzp1w12v,Bubble,70,54.47055139,3.968500789
jxu6zypaqp04nxqzp1w12v,Pie,80,74.0197394,2.610052877
jxu6zypaqp04nxqzp1w12v,Pie,30,40.23256368,3.372612784
jxu6zypaqp04nxqzp1w12v,Pie,25,45.34946428,4.355753799
jxu6zypaqp04nxqzp1w12v,Bar,99,82.50561708,4.054794911
jxu6zypaqp04nxqzp1w12v,Bubble,99,96.04791164,1.621565871
jxu6zypaqp04nxqzp1w12v,Bar,95,93.96835378,0.209947664
jxu6zypaqp04nxqzp1w12v,Bubble,99,92.71343736,2.680676016
jxu6zypaqp04nxqzp1w12v,Bubble,99,93.93118267,2.376795274
jxu6zypaqp04nxqzp1w12v,Bar,80,75.30508543,2.269007575
jxu6zypaqp04nxqzp1w12v,Bubble,91,78.65346786,3.640566808
jxu6zypaqp04nxqzp1w12v,Bubble,99,92.4225518,2.744688164
gs7qta0a0u3xawc1s4565,Pie,90,96.02946155,2.621632643
gs7qta0a0u3xawc1s4566,Pie,75,76.44627847,0.6519388893
gs7qta0a0u3xawc1s4567,Bar,40,37.15151952,1.572152605
gs7qta0a0u3xawc1s4568,Pie,30,47.22010244,4.116456456
gs7qta0a0u3xawc1s4569,Pie,85,89.64273855,2.253305123
gs7qta0a0u3xawc1s4570,Bubble,85,47.61980934,5.229018371
gs7qta0a0u3xawc1s4571,Pie,20,22.53729803,1.412672082
gs7qta0a0u3xawc1s4572,Bar,35,27.28264156,2.971287582
gs7qta0a0u3xawc1s4573,Pie,60,60.4473812,0
gs7qta0a0u3xawc1s4574,Pie,70,92.00660416,4.468036121
gs7qta0a0u3xawc1s4575,Pie,30,33.01231447,1.649530148
gs7qta0a0u3xawc1s4576,Bubble,85,90.8328791,2.574798849
gs7qta0a0u3xawc1s4577,Bar,35,28.36846132,2.756284354
gs7qta0a0u3xawc1s4578,Bar,45,38.27829624,2.775409592
gs7qta0a0u3xawc1s4579,Bubble,60,50.55837584,3.258009921
gs7qta0a0u3xawc1s4580,Bubble,40,39.24664421,0
gs7qta0a0u3xawc1s4581,Bar,65,58.0951263,2.813498769
gs7qta0a0u3xawc1s4582,Pie,95,98.15793021,1.714984083
gs7qta0a0u3xawc1s4583,Bar,75,60.75508824,3.844979298
gs7qta0a0u3xawc1s4584,Bubble,85,91.82248575,2.79649097
gs7qta0a0u3xawc1s4585,Bubble,80,68.03229474,3.596065121
gs7qta0a0u3xawc1s4586,Pie,25,30.37010985,2.458148321
gs7qta0a0u3xawc1s4587,Pie,90,76.26924442,3.792413481
gs7qta0a0u3xawc1s4588,Bubble,95,69.48018428,4.680595299
gs7qta0a0u3xawc1s4589,Bubble,85,70.84319712,3.836106206
gs7qta0a0u3xawc1s4590,Pie,15,21.42669356,2.71186788
gs7qta0a0u3xawc1s4591,Pie,80,83.83291862,1.98474195
gs7qta0a0u3xawc1s4592,Pie,55,41.77373617,3.738904409
gs7qta0a0u3xawc1s4593,Pie,65,49.45161303,3.97024507
gs7qta0a0u3xawc1s4594,Pie,95,90.56634702,2.18860759
gs7qta0a0u3xawc1s4595,Bar,40,32.17861515,2.990298666
gs7qta0a0u3xawc1s4596,Bubble,85,82.33470504,1.480417636
gs7qta0a0u3xawc1s4597,Bubble,70,54.65795014,3.951126143
gs7qta0a0u3xawc1s4598,Bar,40,25.04564136,3.914503163
gs7qta0a0u3xawc1s4599,Pie,10,19.66973879,3.292007019
gs7qta0a0u3xawc1s4600,Bubble,70,58.59598499,3.527197355
gs7qta0a0u3xawc1s4601,Bar,60,73.52321666,3.770640549
gs7qta0a0u3xawc1s4602,Bar,90,81.51908659,3.105328324
gs7qta0a0u3xawc1s4603,Bar,75,68.43017972,2.743045327
gs7qta0a0u3xawc1s4604,Bar,70,55.23962462,3.895823699
gs7qta0a0u3xawc1s4605,Pie,45,55.54308582,3.415229431
gs7qta0a0u3xawc1s4606,Bar,45,37.36104369,2.956792
gs7qta0a0u3xawc1s4607,Bubble,80,61.29128099,4.235246005
gs7qta0a0u3xawc1s4608,Bar,40,26.3698097,3.781904194
gs7qta0a0u3xawc1s4609,Bubble,75,46.29822712,4.849337433
gs7qta0a0u3xawc1s4610,Bubble,50,40.11651579,3.323151589
gs7qta0a0u3xawc1s4611,Bubble,80,73.76673781,2.668632508
gs7qta0a0u3xawc1s4612,Bar,90,88.19825385,0.9461665058
gs7qta0a0u3xawc1s4613,Bar,98,96.12806046,0.9977906523
gs7qta0a0u3xawc1s4614,Bubble,75,59.47832574,3.967784137
gs7qta0a0u3xawc1s4615,Pie,90,92.20354052,1.219425988
gs7qta0a0u3xawc1s4616,Bar,30,26.35358829,1.915104652
gs7qta0a0u3xawc1s4617,Bar,90,90.61160052,0
gs7qta0a0u3xawc1s4618,Pie,60,36.63205224,4.554155841
gs7qta0a0u3xawc1s4619,Bubble,75,50.49715397,4.622218549
gs7qta0a0u3xawc1s4620,Bubble,70,68.98043855,0.1947949182
gs7qta0a0u3xawc1s4621,Bar,40,38.49821133,0.7020268492
gs7qta0a0u3xawc1s4622,Bubble,65,75.27510376,3.378526017
gs7qta0a0u3xawc1s4623,Bar,70,65.11964723,2.323471753
gs7qta0a0u3xawc1s4624,Bubble,90,72.84157593,4.111317157
bvh3wsmlhg5y5i4ar7zqkh,Bubble,75,61.38337818,3.780480379
bvh3wsmlhg5y5i4ar7zqkh,Bar,75,67.20306681,2.985852534
bvh3wsmlhg5y5i4ar7zqkh,Bubble,100,96.7306467,1.763136733
bvh3wsmlhg5y5i4ar7zqkh,Pie,50,49.73618209,0
bvh3wsmlhg5y5i4ar7zqkh,Bubble,80,89.86778695,3.320887096
bvh3wsmlhg5y5i4ar7zqkh,Bar,100,98.90950797,0.2815404325
bvh3wsmlhg5y5i4ar7zqkh,Pie,65,62.8995768,1.154079714
bvh3wsmlhg5y5i4ar7zqkh,Pie,20,20.40813592,0
bvh3wsmlhg5y5i4ar7zqkh,Pie,75,65.22189053,3.307881587
bvh3wsmlhg5y5i4ar7zqkh,Pie,25,35.07997433,3.351200648
bvh3wsmlhg5y5i4ar7zqkh,Bar,95,94.01004023,0.1569916584
bvh3wsmlhg5y5i4ar7zqkh,Pie,25,35.07997433,3.351200648
bvh3wsmlhg5y5i4ar7zqkh,Bar,33,38.43234029,2.474394583
bvh3wsmlhg5y5i4ar7zqkh,Bar,45,45.17598344,0
bvh3wsmlhg5y5i4ar7zqkh,Bar,100,99.86076767,0
bvh3wsmlhg5y5i4ar7zqkh,Pie,80,89.07687761,3.201928267
bvh3wsmlhg5y5i4ar7zqkh,Pie,25,35.07997433,3.351200648
bvh3wsmlhg5y5i4ar7zqkh,Bubble,60,43.44839835,4.059753422
bvh3wsmlhg5y5i4ar7zqkh,Pie,20,19.41569613,0
bvh3wsmlhg5y5i4ar7zqkh,Bubble,50,42.57523739,2.916431283
bvh3wsmlhg5y5i4ar7zqkh,Bubble,80,90.50768491,3.41043404
bvh3wsmlhg5y5i4ar7zqkh,Bubble,90,95.87032369,2.583837648
bvh3wsmlhg5y5i4ar7zqkh,Bubble,60,54.65800617,2.450747747
bvh3wsmlhg5y5i4ar7zqkh,Bar,50,95.43683807,5.509754045
bvh3wsmlhg5y5i4ar7zqkh,Bubble,50,50.14746198,0
bvh3wsmlhg5y5i4ar7zqkh,Pie,25,39.55030908,3.875318983
bvh3wsmlhg5y5i4ar7zqkh,Bubble,75,66.79593727,3.058154158
bvh3wsmlhg5y5i4ar7zqkh,Pie,80,87.36096698,2.904188686
bvh3wsmlhg5y5i4ar7zqkh,Bubble,100,95.82223799,2.105263046
bvh3wsmlhg5y5i4ar7zqkh,Bubble,95,82.4381846,3.665258069
bvh3wsmlhg5y5i4ar7zqkh,Pie,33,44.76838114,3.572087009
bvh3wsmlhg5y5i4ar7zqkh,Pie,25,36.23547406,3.505951133
bvh3wsmlhg5y5i4ar7zqkh,Bubble,25,21.86183078,1.706273806
bvh3wsmlhg5y5i4ar7zqkh,Bar,60,60.41559737,0
bvh3wsmlhg5y5i4ar7zqkh,Bar,70,70.50945185,0
bvh3wsmlhg5y5i4ar7zqkh,Bar,90,93.31255776,1.781383954
bvh3wsmlhg5y5i4ar7zqkh,Bubble,25,19.42745141,2.510341324
bvh3wsmlhg5y5i4ar7zqkh,Bubble,90,74.49276443,3.966452208
bvh3wsmlhg5y5i4ar7zqkh,Bar,75,68.63715111,2.697740217
bvh3wsmlhg5y5i4ar7zqkh,Pie,25,35.07997433,3.351200648
bvh3wsmlhg5y5i4ar7zqkh,Bar,40,40.29222526,0
bvh3wsmlhg5y5i4ar7zqkh,Bubble,75,50.95049319,4.595414552
bvh3wsmlhg5y5i4ar7zqkh,Bar,90,93.43741147,1.832854162
bvh3wsmlhg5y5i4ar7zqkh,Bubble,50,50.14746198,0
bvh3wsmlhg5y5i4ar7zqkh,Pie,100,94.60138757,2.465612096
bvh3wsmlhg5y5i4ar7zqkh,Pie,50,60.80797419,3.450614018
bvh3wsmlhg5y5i4ar7zqkh,Bar,50,46.24067984,1.957662118
bvh3wsmlhg5y5i4ar7zqkh,Pie,90,91.87538991,1.000281233
bvh3wsmlhg5y5i4ar7zqkh,Bar,75,66.94828043,3.031522163
bvh3wsmlhg5y5i4ar7zqkh,Bubble,30,33.59089228,1.893708678
bvh3wsmlhg5y5i4ar7zqkh,Bubble,50,38.31401645,3.562057204
bvh3wsmlhg5y5i4ar7zqkh,Pie,33,48.18796747,3.936681982
bvh3wsmlhg5y5i4ar7zqkh,Bar,65,67.53708189,1.41255495
bvh3wsmlhg5y5i4ar7zqkh,Bar,40,42.8475615,1.57170666
bvh3wsmlhg5y5i4ar7zqkh,Pie,40,53.1284408,3.72829505
bvh3wsmlhg5y5i4ar7zqkh,Pie,50,48.36351579,0.8167915401
bvh3wsmlhg5y5i4ar7zqkh,Bar,75,70.18672746,2.30400646
bvh3wsmlhg5y5i4ar7zqkh,Bar,66,60.06840269,2.598507493
bvh3wsmlhg5y5i4ar7zqkh,Pie,25,35.07997433,3.351200648
bvh3wsmlhg5y5i4ar7zqkh,Pie,20,23.13041753,1.702842589
bvh3wsmlhg5y5i4ar7zqkh,Bubble,50,40.10782078,3.324404406
hi7x957tuo81qdr5bz86pa,Bar,99,97.49477099,0.7050746401
hi7x957tuo81qdr5bz86pa,Bubble,90,89.04575653,0.1100203636
hi7x957tuo81qdr5bz86pa,Bubble,30,31.17888505,0.3828166849
hi7x957tuo81qdr5bz86pa,Pie,90,84.95891412,2.369071626
hi7x957tuo81qdr5bz86pa,Bubble,20,26.77411286,2.786410861
hi7x957tuo81qdr5bz86pa,Bar,70,67.40019695,1.446151953
hi7x957tuo81qdr5bz86pa,Bar,25,25.4497771,0
hi7x957tuo81qdr5bz86pa,Pie,25,18.49012225,2.730069885
hi7x957tuo81qdr5bz86pa,Bar,33,33.5578826,0
hi7x957tuo81qdr5bz86pa,Bar,75,73.58647329,0.621549491
hi7x957tuo81qdr5bz86pa,Bubble,100,97.82730023,1.200190302
hi7x957tuo81qdr5bz86pa,Bar,95,99.06357453,2.066459346
hi7x957tuo81qdr5bz86pa,Pie,90,93.8741102,1.999679037
hi7x957tuo81qdr5bz86pa,Bubble,98,82.54441727,3.961677288
hi7x957tuo81qdr5bz86pa,Bar,35,30.63684157,2.166123603
hi7x957tuo81qdr5bz86pa,Pie,25,27.42780123,1.352081212
hi7x957tuo81qdr5bz86pa,Bubble,85,81.63657443,1.802576053
hi7x957tuo81qdr5bz86pa,Bubble,68,60.52680382,2.925656961
hi7x957tuo81qdr5bz86pa,Bubble,80,78.08098362,1.031406759
hi7x957tuo81qdr5bz86pa,Bubble,75,49.19006848,4.696824655
hi7x957tuo81qdr5bz86pa,Bar,50,52.27749832,1.264535424
hi7x957tuo81qdr5bz86pa,Bubble,65,61.97877953,1.653619772
hi7x957tuo81qdr5bz86pa,Bubble,85,73.31203966,3.562298646
hi7x957tuo81qdr5bz86pa,Bar,98,98.91587301,0.05779406228
hi7x957tuo81qdr5bz86pa,Bar,60,56.8329607,1.718981558
hi7x957tuo81qdr5bz86pa,Bar,55,58.64747677,1.915512018
hi7x957tuo81qdr5bz86pa,Pie,40,42.88345955,1.58902496
hi7x957tuo81qdr5bz86pa,Bar,85,80.32771065,2.262219459
hi7x957tuo81qdr5bz86pa,Pie,65,57.70644991,2.891137249
hi7x957tuo81qdr5bz86pa,Bubble,68,60.13533296,2.998135382
hi7x957tuo81qdr5bz86pa,Bubble,95,93.06417494,1.043222043
hi7x957tuo81qdr5bz86pa,Bubble,70,56.71617003,3.745111451
hi7x957tuo81qdr5bz86pa,Pie,40,29.76441544,3.3730335
hi7x957tuo81qdr5bz86pa,Bar,90,94.38740338,2.17389604
hi7x957tuo81qdr5bz86pa,Pie,,35.1515036,5.140635671
hi7x957tuo81qdr5bz86pa,Bar,95,97.87723237,1.586035646
hi7x957tuo81qdr5bz86pa,Pie,85,73.97095781,3.479494728
hi7x957tuo81qdr5bz86pa,Bar,35,36.51983796,0.717945468
hi7x957tuo81qdr5bz86pa,Bar,50,46.05093831,2.026467825
hi7x957tuo81qdr5bz86pa,Pie,55,57.82570876,1.561061529
hi7x957tuo81qdr5bz86pa,Bubble,20,19.84592704,0
hi7x957tuo81qdr5bz86pa,Bubble,70,62.27820642,2.972103249
hi7x957tuo81qdr5bz86pa,Bar,90,92.27416223,1.262530715
hi7x957tuo81qdr5bz86pa,Bubble,80,67.79729341,3.623832524
hi7x957tuo81qdr5bz86pa,Pie,40,39.49176459,0
hi7x957tuo81qdr5bz86pa,Pie,80,84.81266293,2.303828354
hi7x957tuo81qdr5bz86pa,Bubble,75,61.8505576,3.730579356
hi7x957tuo81qdr5bz86pa,Pie,50,49.89409142,0
hi7x957tuo81qdr5bz86pa,Pie,80,87.90803915,3.005945908
hi7x957tuo81qdr5bz86pa,Bar,95,97.45987987,1.370097237
hi7x957tuo81qdr5bz86pa,Pie,33,43.12188858,3.357114003
hi7x957tuo81qdr5bz86pa,Bar,60,55.89727375,2.079881964
hi7x957tuo81qdr5bz86pa,Pie,40,45.72429096,2.548261756
hi7x957tuo81qdr5bz86pa,Pie,33,33.55539016,0
hi7x957tuo81qdr5bz86pa,Pie,20,21.82471829,0.9632656874
hi7x957tuo81qdr5bz86pa,Pie,33,39.71037662,2.77302083
hi7x957tuo81qdr5bz86pa,Bubble,55,47.84438658,2.864060009
hi7x957tuo81qdr5bz86pa,Pie,90,82.37272502,2.954619745
hi7x957tuo81qdr5bz86pa,Bubble,70,41.72662142,4.827736656
hi7x957tuo81qdr5bz86pa,Bar,20,19.60592272,0
1zylyydf1msj64bt0b812d,Bubble,60,58.78376402380277,0.4235630864
1zylyydf1msj64bt0b812d,Bubble,100,93.44801431970609,2.739196946
1zylyydf1msj64bt0b812d,Bar,70,69.47024258268135,0
1zylyydf1msj64bt0b812d,Bubble,100,95.92111238578008,2.071724101
1zylyydf1msj64bt0b812d,Bar,60,62.9924417421926,1.6403626
1zylyydf1msj64bt0b812d,Pie,40,55.09846435546848,3.928224801
1zylyydf1msj64bt0b812d,Bar,50,51.09668016942047,0.2888666433
1zylyydf1msj64bt0b812d,Bubble,40,39.919530706378175,0
1zylyydf1msj64bt0b812d,Bar,35,42.38912406881602,2.909604937
1zylyydf1msj64bt0b812d,Pie,40,46.012608346160654,2.617676587
1zylyydf1msj64bt0b812d,Bubble,95,99.35489829698649,2.16346598
1zylyydf1msj64bt0b812d,Pie,80,97.95728126173387,4.176504795
1zylyydf1msj64bt0b812d,Pie,80,98.45550382067881,4.215717717
1zylyydf1msj64bt0b812d,Bubble,90,75.85734439509608,3.834676392
1zylyydf1msj64bt0b812d,Pie,70,67.69671814800515,1.279935886
1zylyydf1msj64bt0b812d,Pie,10,17.2529374459382,2.883217557
1zylyydf1msj64bt0b812d,Bar,24,32.55705204786612,3.118036071
1zylyydf1msj64bt0b812d,Pie,90,93.06564491606787,1.673848061
1zylyydf1msj64bt0b812d,Bubble,80,92.98327004536405,3.712405394
1zylyydf1msj64bt0b812d,Bubble,20,26.96880767255294,2.826560216
1zylyydf1msj64bt0b812d,Pie,50,47.13642816423504,1.579456221
1zylyydf1msj64bt0b812d,Bar,25,20.514438275342734,2.204942531
1zylyydf1msj64bt0b812d,Pie,50,55.905119242661364,2.592186531
1zylyydf1msj64bt0b812d,Pie,25,25.596267747445832,0
1zylyydf1msj64bt0b812d,Bar,70,71.7349568025664,0.8952691152
1zylyydf1msj64bt0b812d,Bubble,30,29.33129110135572,0
1zylyydf1msj64bt0b812d,Pie,90,83.85442112443756,2.648598633
1zylyydf1msj64bt0b812d,Pie,90,82.09073768204185,3.006165566
1zylyydf1msj64bt0b812d,Pie,40,62.14078672049384,4.476756683
1zylyydf1msj64bt0b812d,Bubble,70,64.98122676588797,2.362827042
1zylyydf1msj64bt0b812d,Pie,90,93.33017335297637,1.788758095
1zylyydf1msj64bt0b812d,Bar,60,62.56013807891486,1.424996278
1zylyydf1msj64bt0b812d,Pie,50,53.819550459790655,1.979860893
1zylyydf1msj64bt0b812d,Pie,40,62.5211399382563,4.501193257
1zylyydf1msj64bt0b812d,Pie,100,88.73712339023078,3.509426861
1zylyydf1msj64bt0b812d,Bubble,60,53.722671956089115,2.6785966
1zylyydf1msj64bt0b812d,Bubble,60,48.953140777263606,3.481797394
1zylyydf1msj64bt0b812d,Pie,30,31.78138971112105,0.9308430704
1zylyydf1msj64bt0b812d,Bar,15,17.63593135727866,1.46515502
1zylyydf1msj64bt0b812d,Bar,70,73.98528085066076,2.039236975
1zylyydf1msj64bt0b812d,Bubble,70,58.70301464315697,3.513741535
1zylyydf1msj64bt0b812d,Bar,99,97.36888415372582,0.8123880188
1zylyydf1msj64bt0b812d,Bar,40,39.67157232976999,0
1zylyydf1msj64bt0b812d,Bar,60,62.29839491865413,1.277029527
1zylyydf1msj64bt0b812d,Bar,70,83.04637138207896,3.719333659
1zylyydf1msj64bt0b812d,Bar,80,79.03645881351024,0.122395995
1zylyydf1msj64bt0b812d,Bubble,70,83.53798761013611,3.772201079
1zylyydf1msj64bt0b812d,Bubble,80,78.72583659823182,0.484564458
1zylyydf1msj64bt0b812d,Bar,45,45.319168622448764,0
1zylyydf1msj64bt0b812d,Pie,80,88.92237524029993,3.177499309
1zylyydf1msj64bt0b812d,Bubble,80,71.49504736723402,3.109352641
1zylyydf1msj64bt0b812d,Bubble,60,70.45345504984067,3.403057037
1zylyydf1msj64bt0b812d,Bubble,90,85.3741295644081,2.248191863
1zylyydf1msj64bt0b812d,Pie,25,26.867682486695543,0.99471185
1zylyydf1msj64bt0b812d,Bar,50,54.40838516568605,2.180588741
1zylyydf1msj64bt0b812d,Bubble,40,42.68686922079563,1.491529497
1zylyydf1msj64bt0b812d,Bar,40,37.59454841766966,1.33939487
1zylyydf1msj64bt0b812d,Bar,70,75.72594729615633,2.548670223
1zylyydf1msj64bt0b812d,Bar,60,59.60913313566108,0
1zylyydf1msj64bt0b812d,Bubble,25,32.461180075800335,2.923373618